{
  "loss": 0.0,
  "si_sdr": 0.6940367090770975,
  "pearson_corr": 0.5831923594003543,
  "sir": 3.4574511094488205,
  "sar": 3.4574511094488205,
  "delta_2theta": 0.09448350275456906,
  "fwhm_error": 16.51304610977173,
  "id_acc_top1": 0.0,
  "id_acc_top2": 0.0,
  "id_acc_top3": 0.0,
  "id_acc_top4": 0.0,
  "id_acc_top5": 0.0,
  "id_acc_top6": 0.0,
  "id_acc_top7": 0.0,
  "id_acc_top8": 0.0,
  "id_acc_top9": 0.0,
  "id_acc_top10": 0.0
}
